"","Package","LibPath","Version","Priority","Built"
"1","abind","C:/Users/aubryp/Documents/R/R-3.6.1/library","1.4-5",NA,"3.4.1"
"2","acepack","C:/Users/aubryp/Documents/R/R-3.6.1/library","1.4.1",NA,"3.5.2"
"3","actuar","C:/Users/aubryp/Documents/R/R-3.6.1/library","2.3-1",NA,"3.4.4"
"4","AER","C:/Users/aubryp/Documents/R/R-3.6.1/library","1.2-5",NA,"3.4.4"
"5","akima","C:/Users/aubryp/Documents/R/R-3.6.1/library","0.6-2",NA,"3.4.4"
"6","ape","C:/Users/aubryp/Documents/R/R-3.6.1/library","5.1",NA,"3.5.1"
"7","arsenal","C:/Users/aubryp/Documents/R/R-3.6.1/library","3.2.0",NA,"3.5.3"
"8","askpass","C:/Users/aubryp/Documents/R/R-3.6.1/library","1.1",NA,"3.6.2"
"9","assertthat","C:/Users/aubryp/Documents/R/R-3.6.1/library","0.2.1",NA,"3.6.2"
"10","AUC","C:/Users/aubryp/Documents/R/R-3.6.1/library","0.3.0",NA,"3.4.1"
"11","backports","C:/Users/aubryp/Documents/R/R-3.6.1/library","1.1.5",NA,"3.6.1"
"12","base","C:/Users/aubryp/Documents/R/R-3.6.1/library","3.6.1","base","3.6.1"
"13","base64enc","C:/Users/aubryp/Documents/R/R-3.6.1/library","0.1-3",NA,"3.6.0"
"14","bayesplot","C:/Users/aubryp/Documents/R/R-3.6.1/library","1.5.0",NA,"3.4.4"
"15","BB","C:/Users/aubryp/Documents/R/R-3.6.1/library","2014.10-1",NA,"3.4.4"
"16","bbmle","C:/Users/aubryp/Documents/R/R-3.6.1/library","1.0.20",NA,"3.4.4"
"17","bdsmatrix","C:/Users/aubryp/Documents/R/R-3.6.1/library","1.3-3",NA,"3.4.3"
"18","betareg","C:/Users/aubryp/Documents/R/R-3.6.1/library","3.1-0",NA,"3.4.4"
"19","BH","C:/Users/aubryp/Documents/R/R-3.6.1/library","1.72.0-2",NA,"3.6.2"
"20","biglm","C:/Users/aubryp/Documents/R/R-3.6.1/library","0.9-1",NA,"3.4.4"
"21","bindr","C:/Users/aubryp/Documents/R/R-3.6.1/library","0.1.1",NA,"3.4.4"
"22","bindrcpp","C:/Users/aubryp/Documents/R/R-3.6.1/library","0.2.2",NA,"3.5.1"
"23","binGroup","C:/Users/aubryp/Documents/R/R-3.6.1/library","2.1-1",NA,"3.4.4"
"24","bit","C:/Users/aubryp/Documents/R/R-3.6.1/library","1.1-12",NA,"3.4.1"
"25","bit64","C:/Users/aubryp/Documents/R/R-3.6.1/library","0.9-7",NA,"3.4.1"
"26","bitops","C:/Users/aubryp/Documents/R/R-3.6.1/library","1.0-6",NA,"3.5.0"
"27","blob","C:/Users/aubryp/Documents/R/R-3.6.1/library","1.1.1",NA,"3.4.4"
"28","boot","C:/Users/aubryp/Documents/R/R-3.6.1/library","1.3-22","recommended","3.6.1"
"29","brew","C:/Users/aubryp/Documents/R/R-3.6.1/library","1.0-6",NA,"3.5.2"
"30","bridgesampling","C:/Users/aubryp/Documents/R/R-3.6.1/library","0.4-0",NA,"3.4.4"
"31","brms","C:/Users/aubryp/Documents/R/R-3.6.1/library","2.3.0",NA,"3.4.4"
"32","Brobdingnag","C:/Users/aubryp/Documents/R/R-3.6.1/library","1.2-5",NA,"3.4.4"
"33","broom","C:/Users/aubryp/Documents/R/R-3.6.1/library","0.5.3",NA,"3.6.2"
"34","btergm","C:/Users/aubryp/Documents/R/R-3.6.1/library","1.9.1",NA,"3.4.4"
"35","callr","C:/Users/aubryp/Documents/R/R-3.6.1/library","3.4.0",NA,"3.6.2"
"36","car","C:/Users/aubryp/Documents/R/R-3.6.1/library","3.0-0",NA,"3.4.4"
"37","carData","C:/Users/aubryp/Documents/R/R-3.6.1/library","3.0-1",NA,"3.4.4"
"38","caTools","C:/Users/aubryp/Documents/R/R-3.6.1/library","1.17.1",NA,"3.4.4"
"39","cellranger","C:/Users/aubryp/Documents/R/R-3.6.1/library","1.1.0",NA,"3.6.2"
"40","checkmate","C:/Users/aubryp/Documents/R/R-3.6.1/library","1.9.1",NA,"3.5.2"
"41","chron","C:/Users/aubryp/Documents/R/R-3.6.1/library","2.3-52",NA,"3.4.4"
"42","class","C:/Users/aubryp/Documents/R/R-3.6.1/library","7.3-15","recommended","3.6.1"
"43","classInt","C:/Users/aubryp/Documents/R/R-3.6.1/library","0.3-3",NA,"3.5.3"
"44","cli","C:/Users/aubryp/Documents/R/R-3.6.1/library","1.1.0",NA,"3.5.3"
"45","clipr","C:/Users/aubryp/Documents/R/R-3.6.1/library","0.7.0",NA,"3.6.2"
"46","clisymbols","C:/Users/aubryp/Documents/R/R-3.6.1/library","1.2.0",NA,"3.5.3"
"47","cluster","C:/Users/aubryp/Documents/R/R-3.6.1/library","2.1.0","recommended","3.6.1"
"48","coda","C:/Users/aubryp/Documents/R/R-3.6.1/library","0.19-1",NA,"3.4.4"
"49","codetools","C:/Users/aubryp/Documents/R/R-3.6.1/library","0.2-16","recommended","3.6.1"
"50","colorspace","C:/Users/aubryp/Documents/R/R-3.6.1/library","1.4-1",NA,"3.6.1"
"51","colourpicker","C:/Users/aubryp/Documents/R/R-3.6.1/library","1.0",NA,"3.4.4"
"52","commonmark","C:/Users/aubryp/Documents/R/R-3.6.1/library","1.7",NA,"3.5.3"
"53","compiler","C:/Users/aubryp/Documents/R/R-3.6.1/library","3.6.1","base","3.6.1"
"54","covr","C:/Users/aubryp/Documents/R/R-3.6.1/library","3.1.0",NA,"3.4.4"
"55","crayon","C:/Users/aubryp/Documents/R/R-3.6.1/library","1.3.4",NA,"3.4.4"
"56","crosstalk","C:/Users/aubryp/Documents/R/R-3.6.1/library","1.0.0",NA,"3.4.4"
"57","curl","C:/Users/aubryp/Documents/R/R-3.6.1/library","4.3",NA,"3.6.2"
"58","cvTools","C:/Users/aubryp/Documents/R/R-3.6.1/library","0.3.2",NA,"3.4.4"
"59","data.table","C:/Users/aubryp/Documents/R/R-3.6.1/library","1.11.4",NA,"3.5.1"
"60","datasets","C:/Users/aubryp/Documents/R/R-3.6.1/library","3.6.1","base","3.6.1"
"61","DBI","C:/Users/aubryp/Documents/R/R-3.6.1/library","1.1.0",NA,"3.6.2"
"62","dbplyr","C:/Users/aubryp/Documents/R/R-3.6.1/library","1.4.2",NA,"3.6.2"
"63","deldir","C:/Users/aubryp/Documents/R/R-3.6.1/library","0.1-15",NA,"3.4.4"
"64","DEoptimR","C:/Users/aubryp/Documents/R/R-3.6.1/library","1.0-8",NA,"3.4.1"
"65","desc","C:/Users/aubryp/Documents/R/R-3.6.1/library","1.2.0",NA,"3.5.3"
"66","deSolve","C:/Users/aubryp/Documents/R/R-3.6.1/library","1.21",NA,"3.5.0"
"67","devtools","C:/Users/aubryp/Documents/R/R-3.6.1/library","2.1.0",NA,"3.5.3"
"68","dfoptim","C:/Users/aubryp/Documents/R/R-3.6.1/library","2018.2-1",NA,"3.4.4"
"69","dichromat","C:/Users/aubryp/Documents/R/R-3.6.1/library","2.0-0",NA,"3.4.1"
"70","digest","C:/Users/aubryp/Documents/R/R-3.6.1/library","0.6.23",NA,"3.6.2"
"71","doParallel","C:/Users/aubryp/Documents/R/R-3.6.1/library","1.0.11",NA,"3.4.4"
"72","dplyr","C:/Users/aubryp/Documents/R/R-3.6.1/library","0.8.3",NA,"3.6.2"
"73","DT","C:/Users/aubryp/Documents/R/R-3.6.1/library","0.4",NA,"3.4.4"
"74","dtplyr","C:/Users/aubryp/Documents/R/R-3.6.1/library","0.0.2",NA,"3.4.4"
"75","dummy","C:/Users/aubryp/Documents/R/R-3.6.1/library","0.1.3",NA,"3.5.2"
"76","dygraphs","C:/Users/aubryp/Documents/R/R-3.6.1/library","1.1.1.4",NA,"3.4.4"
"77","e1071","C:/Users/aubryp/Documents/R/R-3.6.1/library","1.7-2",NA,"3.5.3"
"78","ellipsis","C:/Users/aubryp/Documents/R/R-3.6.1/library","0.3.0",NA,"3.6.2"
"79","emdbook","C:/Users/aubryp/Documents/R/R-3.6.1/library","1.3.9",NA,"3.4.4"
"80","emmeans","C:/Users/aubryp/Documents/R/R-3.6.1/library","1.2.1",NA,"3.4.4"
"81","EpiContactTrace","C:/Users/aubryp/Documents/R/R-3.6.1/library","0.12.0",NA,"3.5.0"
"82","EpiDynamics","C:/Users/aubryp/Documents/R/R-3.6.1/library","0.3.0",NA,"3.5.1"
"83","EpiModel","C:/Users/aubryp/Documents/R/R-3.6.1/library","1.6.5",NA,"3.5.1"
"84","ergm","C:/Users/aubryp/Documents/R/R-3.6.1/library","3.9.4",NA,"3.5.1"
"85","ergm.count","C:/Users/aubryp/Documents/R/R-3.6.1/library","3.2.2",NA,"3.4.4"
"86","estimability","C:/Users/aubryp/Documents/R/R-3.6.1/library","1.3",NA,"3.4.3"
"87","evaluate","C:/Users/aubryp/Documents/R/R-3.6.1/library","0.14",NA,"3.6.2"
"88","expint","C:/Users/aubryp/Documents/R/R-3.6.1/library","0.1-4",NA,"3.4.1"
"89","fansi","C:/Users/aubryp/Documents/R/R-3.6.1/library","0.4.0",NA,"3.6.2"
"90","farver","C:/Users/aubryp/Documents/R/R-3.6.1/library","2.0.1",NA,"3.6.2"
"91","fasttime","C:/Users/aubryp/Documents/R/R-3.6.1/library","1.0-2",NA,"3.4.1"
"92","fit.models","C:/Users/aubryp/Documents/R/R-3.6.1/library","0.5-14",NA,"3.4.4"
"93","fitdistrplus","C:/Users/aubryp/Documents/R/R-3.6.1/library","1.0-9",NA,"3.4.4"
"94","flexmix","C:/Users/aubryp/Documents/R/R-3.6.1/library","2.3-14",NA,"3.4.4"
"95","FNN","C:/Users/aubryp/Documents/R/R-3.6.1/library","1.1",NA,"3.4.4"
"96","forcats","C:/Users/aubryp/Documents/R/R-3.6.1/library","0.4.0",NA,"3.6.2"
"97","foreach","C:/Users/aubryp/Documents/R/R-3.6.1/library","1.4.4",NA,"3.4.4"
"98","foreign","C:/Users/aubryp/Documents/R/R-3.6.1/library","0.8-71","recommended","3.6.1"
"99","Formula","C:/Users/aubryp/Documents/R/R-3.6.1/library","1.2-3",NA,"3.4.4"
"100","fs","C:/Users/aubryp/Documents/R/R-3.6.1/library","1.3.1",NA,"3.6.2"
"101","gam","C:/Users/aubryp/Documents/R/R-3.6.1/library","1.15",NA,"3.4.4"
"102","gamlss","C:/Users/aubryp/Documents/R/R-3.6.1/library","5.0-8",NA,"3.4.4"
"103","gamlss.data","C:/Users/aubryp/Documents/R/R-3.6.1/library","5.0-1",NA,"3.4.4"
"104","gamlss.dist","C:/Users/aubryp/Documents/R/R-3.6.1/library","5.0-5",NA,"3.4.4"
"105","gamm4","C:/Users/aubryp/Documents/R/R-3.6.1/library","0.2-5",NA,"3.4.4"
"106","gbm","C:/Users/aubryp/Documents/R/R-3.6.1/library","2.1.3",NA,"3.4.4"
"107","gdata","C:/Users/aubryp/Documents/R/R-3.6.1/library","2.18.0",NA,"3.4.4"
"108","geepack","C:/Users/aubryp/Documents/R/R-3.6.1/library","1.2-1",NA,"3.4.1"
"109","generics","C:/Users/aubryp/Documents/R/R-3.6.1/library","0.0.2",NA,"3.6.2"
"110","geosphere","C:/Users/aubryp/Documents/R/R-3.6.1/library","1.5-10",NA,"3.5.3"
"111","GERGM","C:/Users/aubryp/Documents/R/R-3.6.1/library","0.13.0",NA,"3.4.4"
"112","GGally","C:/Users/aubryp/Documents/R/R-3.6.1/library","1.4.0",NA,"3.5.3"
"113","ggmap","C:/Users/aubryp/Documents/R/R-3.6.1/library","3.0.0",NA,"3.5.3"
"114","ggplot2","C:/Users/aubryp/Documents/R/R-3.6.1/library","3.2.1",NA,"3.6.2"
"115","ggridges","C:/Users/aubryp/Documents/R/R-3.6.1/library","0.5.0",NA,"3.4.4"
"116","gh","C:/Users/aubryp/Documents/R/R-3.6.1/library","1.0.1",NA,"3.5.3"
"117","git2r","C:/Users/aubryp/Documents/R/R-3.6.1/library","0.26.1",NA,"3.5.3"
"118","glmnet","C:/Users/aubryp/Documents/R/R-3.6.1/library","2.0-16",NA,"3.4.4"
"119","glue","C:/Users/aubryp/Documents/R/R-3.6.1/library","1.3.1",NA,"3.6.2"
"120","gmm","C:/Users/aubryp/Documents/R/R-3.6.1/library","1.6-2",NA,"3.4.4"
"121","gmodels","C:/Users/aubryp/Documents/R/R-3.6.1/library","2.18.1",NA,"3.5.3"
"122","gmp","C:/Users/aubryp/Documents/R/R-3.6.1/library","0.5-13.1",NA,"3.4.4"
"123","goftest","C:/Users/aubryp/Documents/R/R-3.6.1/library","1.1-1",NA,"3.4.1"
"124","gower","C:/Users/aubryp/Documents/R/R-3.6.1/library","0.2.1",NA,"3.5.3"
"125","gplots","C:/Users/aubryp/Documents/R/R-3.6.1/library","3.0.1",NA,"3.4.4"
"126","graphics","C:/Users/aubryp/Documents/R/R-3.6.1/library","3.6.1","base","3.6.1"
"127","grDevices","C:/Users/aubryp/Documents/R/R-3.6.1/library","3.6.1","base","3.6.1"
"128","grid","C:/Users/aubryp/Documents/R/R-3.6.1/library","3.6.1","base","3.6.1"
"129","gridExtra","C:/Users/aubryp/Documents/R/R-3.6.1/library","2.3",NA,"3.4.4"
"130","gsubfn","C:/Users/aubryp/Documents/R/R-3.6.1/library","0.7",NA,"3.4.4"
"131","gtable","C:/Users/aubryp/Documents/R/R-3.6.1/library","0.3.0",NA,"3.6.2"
"132","gtools","C:/Users/aubryp/Documents/R/R-3.6.1/library","3.8.1",NA,"3.5.2"
"133","haven","C:/Users/aubryp/Documents/R/R-3.6.1/library","2.2.0",NA,"3.6.2"
"134","here","C:/Users/aubryp/Documents/R/R-3.6.1/library","0.1",NA,"3.4.4"
"135","highr","C:/Users/aubryp/Documents/R/R-3.6.1/library","0.8",NA,"3.6.2"
"136","Hmisc","C:/Users/aubryp/Documents/R/R-3.6.1/library","4.2-0",NA,"3.5.2"
"137","hms","C:/Users/aubryp/Documents/R/R-3.6.1/library","0.5.3",NA,"3.6.1"
"138","HSAUR2","C:/Users/aubryp/Documents/R/R-3.6.1/library","1.1-17",NA,"3.4.4"
"139","htmlTable","C:/Users/aubryp/Documents/R/R-3.6.1/library","1.12",NA,"3.4.4"
"140","htmltools","C:/Users/aubryp/Documents/R/R-3.6.1/library","0.4.0",NA,"3.6.2"
"141","htmlwidgets","C:/Users/aubryp/Documents/R/R-3.6.1/library","1.2",NA,"3.4.4"
"142","httpuv","C:/Users/aubryp/Documents/R/R-3.6.1/library","1.5.1",NA,"3.5.3"
"143","httr","C:/Users/aubryp/Documents/R/R-3.6.1/library","1.4.1",NA,"3.6.2"
"144","igraph","C:/Users/aubryp/Documents/R/R-3.6.1/library","1.2.4.1",NA,"3.5.3"
"145","ini","C:/Users/aubryp/Documents/R/R-3.6.1/library","0.3.1",NA,"3.5.3"
"146","inline","C:/Users/aubryp/Documents/R/R-3.6.1/library","0.3.15",NA,"3.4.4"
"147","intergraph","C:/Users/aubryp/Documents/R/R-3.6.1/library","2.0-2",NA,"3.5.3"
"148","ipred","C:/Users/aubryp/Documents/R/R-3.6.1/library","0.9-9",NA,"3.5.3"
"149","ismev","C:/Users/aubryp/Documents/R/R-3.6.1/library","1.41",NA,"3.4.4"
"150","iterators","C:/Users/aubryp/Documents/R/R-3.6.1/library","1.0.9",NA,"3.4.4"
"151","janitor","C:/Users/aubryp/Documents/R/R-3.6.1/library","1.2.0",NA,"3.5.3"
"152","jpeg","C:/Users/aubryp/Documents/R/R-3.6.1/library","0.1-8",NA,"3.5.2"
"153","jsonlite","C:/Users/aubryp/Documents/R/R-3.6.1/library","1.6",NA,"3.6.2"
"154","kableExtra","C:/Users/aubryp/Documents/R/R-3.6.1/library","1.1.0",NA,"3.5.3"
"155","kernlab","C:/Users/aubryp/Documents/R/R-3.6.1/library","0.9-26",NA,"3.4.4"
"156","KernSmooth","C:/Users/aubryp/Documents/R/R-3.6.1/library","2.23-15","recommended","3.6.1"
"157","keyplayer","C:/Users/aubryp/Documents/R/R-3.6.1/library","1.0.3",NA,"3.5.3"
"158","knitr","C:/Users/aubryp/Documents/R/R-3.6.1/library","1.26",NA,"3.6.2"
"159","ks","C:/Users/aubryp/Documents/R/R-3.6.1/library","1.11.1",NA,"3.4.4"
"160","labeling","C:/Users/aubryp/Documents/R/R-3.6.1/library","0.3",NA,"3.6.0"
"161","Lahman","C:/Users/aubryp/Documents/R/R-3.6.1/library","6.0-0",NA,"3.4.4"
"162","later","C:/Users/aubryp/Documents/R/R-3.6.1/library","0.8.0",NA,"3.5.3"
"163","lattice","C:/Users/aubryp/Documents/R/R-3.6.1/library","0.20-38","recommended","3.6.1"
"164","latticeExtra","C:/Users/aubryp/Documents/R/R-3.6.1/library","0.6-28",NA,"3.4.4"
"165","lava","C:/Users/aubryp/Documents/R/R-3.6.1/library","1.6.5",NA,"3.5.3"
"166","lazyeval","C:/Users/aubryp/Documents/R/R-3.6.1/library","0.2.2",NA,"3.6.2"
"167","lfe","C:/Users/aubryp/Documents/R/R-3.6.1/library","2.6-2291",NA,"3.4.4"
"168","lifecycle","C:/Users/aubryp/Documents/R/R-3.6.1/library","0.1.0",NA,"3.6.2"
"169","lme4","C:/Users/aubryp/Documents/R/R-3.6.1/library","1.1-19",NA,"3.5.2"
"170","lmodel2","C:/Users/aubryp/Documents/R/R-3.6.1/library","1.7-3",NA,"3.4.3"
"171","lmtest","C:/Users/aubryp/Documents/R/R-3.6.1/library","0.9-36",NA,"3.4.4"
"172","loo","C:/Users/aubryp/Documents/R/R-3.6.1/library","2.0.0",NA,"3.4.4"
"173","lpSolve","C:/Users/aubryp/Documents/R/R-3.6.1/library","5.6.13",NA,"3.5.0"
"174","lsmeans","C:/Users/aubryp/Documents/R/R-3.6.1/library","2.27-62",NA,"3.4.4"
"175","lubridate","C:/Users/aubryp/Documents/R/R-3.6.1/library","1.7.4",NA,"3.5.3"
"176","magrittr","C:/Users/aubryp/Documents/R/R-3.6.1/library","1.5",NA,"3.4.4"
"177","mapdata","C:/Users/aubryp/Documents/R/R-3.6.1/library","2.3.0",NA,"3.5.3"
"178","maps","C:/Users/aubryp/Documents/R/R-3.6.1/library","3.3.0",NA,"3.5.3"
"179","maptools","C:/Users/aubryp/Documents/R/R-3.6.1/library","0.9-5",NA,"3.5.3"
"180","markdown","C:/Users/aubryp/Documents/R/R-3.6.1/library","1.1",NA,"3.6.2"
"181","MASS","C:/Users/aubryp/Documents/R/R-3.6.1/library","7.3-51.4","recommended","3.6.1"
"182","matpow","C:/Users/aubryp/Documents/R/R-3.6.1/library","0.1.1",NA,"3.5.3"
"183","Matrix","C:/Users/aubryp/Documents/R/R-3.6.1/library","1.2-17","recommended","3.6.1"
"184","matrixcalc","C:/Users/aubryp/Documents/R/R-3.6.1/library","1.0-3",NA,"3.4.1"
"185","MatrixModels","C:/Users/aubryp/Documents/R/R-3.6.1/library","0.4-1",NA,"3.4.4"
"186","matrixStats","C:/Users/aubryp/Documents/R/R-3.6.1/library","0.53.1",NA,"3.4.4"
"187","maxLik","C:/Users/aubryp/Documents/R/R-3.6.1/library","1.3-4",NA,"3.4.4"
"188","mc2d","C:/Users/aubryp/Documents/R/R-3.6.1/library","0.1-18",NA,"3.5.0"
"189","mclust","C:/Users/aubryp/Documents/R/R-3.6.1/library","5.4",NA,"3.4.4"
"190","memoise","C:/Users/aubryp/Documents/R/R-3.6.1/library","1.1.0",NA,"3.4.4"
"191","MEMSS","C:/Users/aubryp/Documents/R/R-3.6.1/library","0.9-2",NA,"3.4.4"
"192","methods","C:/Users/aubryp/Documents/R/R-3.6.1/library","3.6.1","base","3.6.1"
"193","mgcv","C:/Users/aubryp/Documents/R/R-3.6.1/library","1.8-28","recommended","3.6.1"
"194","mime","C:/Users/aubryp/Documents/R/R-3.6.1/library","0.8",NA,"3.6.2"
"195","miniUI","C:/Users/aubryp/Documents/R/R-3.6.1/library","0.1.1.1",NA,"3.4.4"
"196","minqa","C:/Users/aubryp/Documents/R/R-3.6.1/library","1.2.4",NA,"3.5.2"
"197","miscTools","C:/Users/aubryp/Documents/R/R-3.6.1/library","0.6-22",NA,"3.4.4"
"198","mlmRev","C:/Users/aubryp/Documents/R/R-3.6.1/library","1.0-6",NA,"3.4.4"
"199","mnormt","C:/Users/aubryp/Documents/R/R-3.6.1/library","1.5-5",NA,"3.5.2"
"200","modelr","C:/Users/aubryp/Documents/R/R-3.6.1/library","0.1.5",NA,"3.6.2"
"201","modeltools","C:/Users/aubryp/Documents/R/R-3.6.1/library","0.2-21",NA,"3.4.1"
"202","muhaz","C:/Users/aubryp/Documents/R/R-3.6.1/library","1.2.6",NA,"3.4.4"
"203","multcomp","C:/Users/aubryp/Documents/R/R-3.6.1/library","1.4-8",NA,"3.4.4"
"204","multicool","C:/Users/aubryp/Documents/R/R-3.6.1/library","0.1-10",NA,"3.4.4"
"205","munsell","C:/Users/aubryp/Documents/R/R-3.6.1/library","0.5.0",NA,"3.6.2"
"206","mvtnorm","C:/Users/aubryp/Documents/R/R-3.6.1/library","1.0-8",NA,"3.5.0"
"207","network","C:/Users/aubryp/Documents/R/R-3.6.1/library","1.13.0.1",NA,"3.5.1"
"208","networkDynamic","C:/Users/aubryp/Documents/R/R-3.6.1/library","0.9.0",NA,"3.5.1"
"209","nleqslv","C:/Users/aubryp/Documents/R/R-3.6.1/library","3.3.2",NA,"3.4.4"
"210","nlme","C:/Users/aubryp/Documents/R/R-3.6.1/library","3.1-140","recommended","3.6.1"
"211","nloptr","C:/Users/aubryp/Documents/R/R-3.6.1/library","1.2.1",NA,"3.5.2"
"212","NLP","C:/Users/aubryp/Documents/R/R-3.6.1/library","0.2-0",NA,"3.5.1"
"213","nnet","C:/Users/aubryp/Documents/R/R-3.6.1/library","7.3-12","recommended","3.6.1"
"214","numDeriv","C:/Users/aubryp/Documents/R/R-3.6.1/library","2016.8-1",NA,"3.4.1"
"215","nycflights13","C:/Users/aubryp/Documents/R/R-3.6.1/library","1.0.1",NA,"3.6.2"
"216","openssl","C:/Users/aubryp/Documents/R/R-3.6.1/library","1.4.1",NA,"3.6.2"
"217","openxlsx","C:/Users/aubryp/Documents/R/R-3.6.1/library","4.1.0.1",NA,"3.5.3"
"218","optextras","C:/Users/aubryp/Documents/R/R-3.6.1/library","2016-8.8",NA,"3.4.1"
"219","optimx","C:/Users/aubryp/Documents/R/R-3.6.1/library","2013.8.7",NA,"3.4.4"
"220","orcutt","C:/Users/aubryp/Documents/R/R-3.6.1/library","2.2",NA,"3.4.4"
"221","packrat","C:/Users/aubryp/Documents/R/R-3.6.1/library","0.4.9-2",NA,"3.4.4"
"222","parallel","C:/Users/aubryp/Documents/R/R-3.6.1/library","3.6.1","base","3.6.1"
"223","partitions","C:/Users/aubryp/Documents/R/R-3.6.1/library","1.9-19",NA,"3.4.4"
"224","pbkrtest","C:/Users/aubryp/Documents/R/R-3.6.1/library","0.4-7",NA,"3.4.4"
"225","pcaPP","C:/Users/aubryp/Documents/R/R-3.6.1/library","1.9-73",NA,"3.4.4"
"226","permute","C:/Users/aubryp/Documents/R/R-3.6.1/library","0.9-4",NA,"3.4.4"
"227","pillar","C:/Users/aubryp/Documents/R/R-3.6.1/library","1.4.3",NA,"3.6.2"
"228","pkgbuild","C:/Users/aubryp/Documents/R/R-3.6.1/library","1.0.3",NA,"3.5.3"
"229","pkgconfig","C:/Users/aubryp/Documents/R/R-3.6.1/library","2.0.3",NA,"3.6.2"
"230","pkgload","C:/Users/aubryp/Documents/R/R-3.6.1/library","1.0.2",NA,"3.5.3"
"231","PKI","C:/Users/aubryp/Documents/R/R-3.6.1/library","0.1-5.1",NA,"3.4.1"
"232","PKPDmodels","C:/Users/aubryp/Documents/R/R-3.6.1/library","0.3.2",NA,"3.4.4"
"233","plm","C:/Users/aubryp/Documents/R/R-3.6.1/library","1.6-6",NA,"3.4.4"
"234","plogr","C:/Users/aubryp/Documents/R/R-3.6.1/library","0.2.0",NA,"3.6.2"
"235","plyr","C:/Users/aubryp/Documents/R/R-3.6.1/library","1.8.5",NA,"3.6.2"
"236","png","C:/Users/aubryp/Documents/R/R-3.6.1/library","0.1-7",NA,"3.5.2"
"237","poLCA","C:/Users/aubryp/Documents/R/R-3.6.1/library","1.4.1",NA,"3.4.4"
"238","polyclip","C:/Users/aubryp/Documents/R/R-3.6.1/library","1.6-1",NA,"3.4.1"
"239","polyCub","C:/Users/aubryp/Documents/R/R-3.6.1/library","0.6.1",NA,"3.4.4"
"240","polynom","C:/Users/aubryp/Documents/R/R-3.6.1/library","1.3-9",NA,"3.4.1"
"241","praise","C:/Users/aubryp/Documents/R/R-3.6.1/library","1.0.0",NA,"3.4.4"
"242","prettyunits","C:/Users/aubryp/Documents/R/R-3.6.1/library","1.0.2",NA,"3.6.2"
"243","processx","C:/Users/aubryp/Documents/R/R-3.6.1/library","3.4.1",NA,"3.6.2"
"244","prodlim","C:/Users/aubryp/Documents/R/R-3.6.1/library","2018.04.18",NA,"3.5.3"
"245","progress","C:/Users/aubryp/Documents/R/R-3.6.1/library","1.2.2",NA,"3.6.2"
"246","promises","C:/Users/aubryp/Documents/R/R-3.6.1/library","1.0.1",NA,"3.5.3"
"247","proto","C:/Users/aubryp/Documents/R/R-3.6.1/library","1.0.0",NA,"3.4.4"
"248","ps","C:/Users/aubryp/Documents/R/R-3.6.1/library","1.3.0",NA,"3.6.2"
"249","psych","C:/Users/aubryp/Documents/R/R-3.6.1/library","1.8.12",NA,"3.5.2"
"250","purrr","C:/Users/aubryp/Documents/R/R-3.6.1/library","0.3.3",NA,"3.6.2"
"251","quadprog","C:/Users/aubryp/Documents/R/R-3.6.1/library","1.5-5",NA,"3.4.1"
"252","quantreg","C:/Users/aubryp/Documents/R/R-3.6.1/library","5.36",NA,"3.4.4"
"253","R6","C:/Users/aubryp/Documents/R/R-3.6.1/library","2.4.1",NA,"3.6.2"
"254","randomForest","C:/Users/aubryp/Documents/R/R-3.6.1/library","4.6-14",NA,"3.4.4"
"255","Rcgmin","C:/Users/aubryp/Documents/R/R-3.6.1/library","2013-2.21",NA,"3.4.1"
"256","rcmdcheck","C:/Users/aubryp/Documents/R/R-3.6.1/library","1.3.3",NA,"3.5.3"
"257","RColorBrewer","C:/Users/aubryp/Documents/R/R-3.6.1/library","1.1-2",NA,"3.6.0"
"258","Rcpp","C:/Users/aubryp/Documents/R/R-3.6.1/library","1.0.3",NA,"3.6.2"
"259","RcppArmadillo","C:/Users/aubryp/Documents/R/R-3.6.1/library","0.8.400.0.0",NA,"3.4.4"
"260","RcppEigen","C:/Users/aubryp/Documents/R/R-3.6.1/library","0.3.3.4.0",NA,"3.4.4"
"261","RcppParallel","C:/Users/aubryp/Documents/R/R-3.6.1/library","4.4.0",NA,"3.4.4"
"262","RcppRoll","C:/Users/aubryp/Documents/R/R-3.6.1/library","0.3.0",NA,"3.5.3"
"263","RCurl","C:/Users/aubryp/Documents/R/R-3.6.1/library","1.95-4.12",NA,"3.5.3"
"264","readr","C:/Users/aubryp/Documents/R/R-3.6.1/library","1.3.1",NA,"3.6.2"
"265","readxl","C:/Users/aubryp/Documents/R/R-3.6.1/library","1.3.1",NA,"3.6.2"
"266","recipes","C:/Users/aubryp/Documents/R/R-3.6.1/library","0.1.5",NA,"3.5.3"
"267","reliaR","C:/Users/aubryp/Documents/R/R-3.6.1/library","0.01",NA,"3.4.1"
"268","rem","C:/Users/aubryp/Documents/R/R-3.6.1/library","1.2.8",NA,"3.4.4"
"269","rematch","C:/Users/aubryp/Documents/R/R-3.6.1/library","1.0.1",NA,"3.6.2"
"270","remotes","C:/Users/aubryp/Documents/R/R-3.6.1/library","2.1.0",NA,"3.5.3"
"271","reprex","C:/Users/aubryp/Documents/R/R-3.6.1/library","0.3.0",NA,"3.6.2"
"272","repurrrsive","C:/Users/aubryp/Documents/R/R-3.6.1/library","0.1.0",NA,"3.5.3"
"273","reshape","C:/Users/aubryp/Documents/R/R-3.6.1/library","0.8.8",NA,"3.5.3"
"274","reshape2","C:/Users/aubryp/Documents/R/R-3.6.1/library","1.4.3",NA,"3.6.2"
"275","rex","C:/Users/aubryp/Documents/R/R-3.6.1/library","1.1.2",NA,"3.4.4"
"276","rgdal","C:/Users/aubryp/Documents/R/R-3.6.1/library","1.4-4",NA,"3.5.3"
"277","rgeos","C:/Users/aubryp/Documents/R/R-3.6.1/library","0.3-27",NA,"3.4.4"
"278","RgoogleMaps","C:/Users/aubryp/Documents/R/R-3.6.1/library","1.4.3",NA,"3.5.3"
"279","rio","C:/Users/aubryp/Documents/R/R-3.6.1/library","0.5.10",NA,"3.4.4"
"280","rJava","C:/Users/aubryp/Documents/R/R-3.6.1/library","0.9-11",NA,"3.5.3"
"281","rjson","C:/Users/aubryp/Documents/R/R-3.6.1/library","0.2.20",NA,"3.5.2"
"282","RJSONIO","C:/Users/aubryp/Documents/R/R-3.6.1/library","1.3-0",NA,"3.4.1"
"283","rlang","C:/Users/aubryp/Documents/R/R-3.6.1/library","0.4.2",NA,"3.6.2"
"284","rmarkdown","C:/Users/aubryp/Documents/R/R-3.6.1/library","2.0",NA,"3.6.2"
"285","robust","C:/Users/aubryp/Documents/R/R-3.6.1/library","0.4-18",NA,"3.4.4"
"286","robustbase","C:/Users/aubryp/Documents/R/R-3.6.1/library","0.93-2",NA,"3.5.1"
"287","ROCR","C:/Users/aubryp/Documents/R/R-3.6.1/library","1.0-7",NA,"3.4.4"
"288","roxygen2","C:/Users/aubryp/Documents/R/R-3.6.1/library","6.1.1",NA,"3.5.3"
"289","rpart","C:/Users/aubryp/Documents/R/R-3.6.1/library","4.1-15","recommended","3.6.1"
"290","rprojroot","C:/Users/aubryp/Documents/R/R-3.6.1/library","1.3-2",NA,"3.4.4"
"291","rrcov","C:/Users/aubryp/Documents/R/R-3.6.1/library","1.4-4",NA,"3.4.4"
"292","rsconnect","C:/Users/aubryp/Documents/R/R-3.6.1/library","0.8.8",NA,"3.4.4"
"293","RSiena","C:/Users/aubryp/Documents/R/R-3.6.1/library","1.2-12",NA,"3.4.4"
"294","RSQLite","C:/Users/aubryp/Documents/R/R-3.6.1/library","2.1.0",NA,"3.4.4"
"295","rstan","C:/Users/aubryp/Documents/R/R-3.6.1/library","2.17.3",NA,"3.4.4"
"296","rstanarm","C:/Users/aubryp/Documents/R/R-3.6.1/library","2.17.4",NA,"3.4.4"
"297","rstantools","C:/Users/aubryp/Documents/R/R-3.6.1/library","1.5.0",NA,"3.4.4"
"298","rstudioapi","C:/Users/aubryp/Documents/R/R-3.6.1/library","0.10",NA,"3.6.2"
"299","RUnit","C:/Users/aubryp/Documents/R/R-3.6.1/library","0.4.32",NA,"3.4.4"
"300","rvest","C:/Users/aubryp/Documents/R/R-3.6.1/library","0.3.5",NA,"3.6.2"
"301","Rvmmin","C:/Users/aubryp/Documents/R/R-3.6.1/library","2018-4.17",NA,"3.4.4"
"302","sandwich","C:/Users/aubryp/Documents/R/R-3.6.1/library","2.4-0",NA,"3.4.4"
"303","scales","C:/Users/aubryp/Documents/R/R-3.6.1/library","1.1.0",NA,"3.6.2"
"304","scanstatistics","C:/Users/aubryp/Documents/R/R-3.6.1/library","1.0.1",NA,"3.4.4"
"305","scatterplot3d","C:/Users/aubryp/Documents/R/R-3.6.1/library","0.3-41",NA,"3.4.4"
"306","selectr","C:/Users/aubryp/Documents/R/R-3.6.1/library","0.4-2",NA,"3.6.2"
"307","sessioninfo","C:/Users/aubryp/Documents/R/R-3.6.1/library","1.1.1",NA,"3.5.3"
"308","setRNG","C:/Users/aubryp/Documents/R/R-3.6.1/library","2013.9-1",NA,"3.4.1"
"309","sets","C:/Users/aubryp/Documents/R/R-3.6.1/library","1.0-18",NA,"3.4.4"
"310","sf","C:/Users/aubryp/Documents/R/R-3.6.1/library","0.7-6",NA,"3.5.3"
"311","shiny","C:/Users/aubryp/Documents/R/R-3.6.1/library","1.1.0",NA,"3.4.4"
"312","shinyjs","C:/Users/aubryp/Documents/R/R-3.6.1/library","1.0",NA,"3.4.4"
"313","shinystan","C:/Users/aubryp/Documents/R/R-3.6.1/library","2.5.0",NA,"3.4.4"
"314","shinythemes","C:/Users/aubryp/Documents/R/R-3.6.1/library","1.1.1",NA,"3.4.4"
"315","slackr","C:/Users/aubryp/Documents/R/R-3.6.1/library","1.4.2",NA,"3.4.4"
"316","slam","C:/Users/aubryp/Documents/R/R-3.6.1/library","0.1-43",NA,"3.5.0"
"317","sna","C:/Users/aubryp/Documents/R/R-3.6.1/library","2.4",NA,"3.5.3"
"318","snakecase","C:/Users/aubryp/Documents/R/R-3.6.1/library","0.11.0",NA,"3.5.1"
"319","SnowballC","C:/Users/aubryp/Documents/R/R-3.6.1/library","0.6.0",NA,"3.5.2"
"320","sourcetools","C:/Users/aubryp/Documents/R/R-3.6.1/library","0.1.7",NA,"3.4.4"
"321","sp","C:/Users/aubryp/Documents/R/R-3.6.1/library","1.3-1",NA,"3.5.3"
"322","SparseM","C:/Users/aubryp/Documents/R/R-3.6.1/library","1.77",NA,"3.4.1"
"323","spatial","C:/Users/aubryp/Documents/R/R-3.6.1/library","7.3-11","recommended","3.6.1"
"324","spatstat","C:/Users/aubryp/Documents/R/R-3.6.1/library","1.55-1",NA,"3.4.4"
"325","spatstat.data","C:/Users/aubryp/Documents/R/R-3.6.1/library","1.2-0",NA,"3.4.4"
"326","spatstat.utils","C:/Users/aubryp/Documents/R/R-3.6.1/library","1.8-0",NA,"3.4.4"
"327","speedglm","C:/Users/aubryp/Documents/R/R-3.6.1/library","0.3-2",NA,"3.4.4"
"328","splancs","C:/Users/aubryp/Documents/R/R-3.6.1/library","2.01-40",NA,"3.4.4"
"329","splines","C:/Users/aubryp/Documents/R/R-3.6.1/library","3.6.1","base","3.6.1"
"330","sqldf","C:/Users/aubryp/Documents/R/R-3.6.1/library","0.4-11",NA,"3.4.4"
"331","SQUAREM","C:/Users/aubryp/Documents/R/R-3.6.1/library","2017.10-1",NA,"3.5.2"
"332","StanHeaders","C:/Users/aubryp/Documents/R/R-3.6.1/library","2.17.2",NA,"3.4.4"
"333","statnet","C:/Users/aubryp/Documents/R/R-3.6.1/library","2016.9",NA,"3.4.4"
"334","statnet.common","C:/Users/aubryp/Documents/R/R-3.6.1/library","4.1.4",NA,"3.5.1"
"335","stats","C:/Users/aubryp/Documents/R/R-3.6.1/library","3.6.1","base","3.6.1"
"336","stats4","C:/Users/aubryp/Documents/R/R-3.6.1/library","3.6.1","base","3.6.1"
"337","stringi","C:/Users/aubryp/Documents/R/R-3.6.1/library","1.1.7",NA,"3.5.0"
"338","stringr","C:/Users/aubryp/Documents/R/R-3.6.1/library","1.4.0",NA,"3.6.2"
"339","surveillance","C:/Users/aubryp/Documents/R/R-3.6.1/library","1.16.0",NA,"3.4.4"
"340","survival","C:/Users/aubryp/Documents/R/R-3.6.1/library","2.44-1.1","recommended","3.6.1"
"341","svUnit","C:/Users/aubryp/Documents/R/R-3.6.1/library","0.7-12",NA,"3.4.4"
"342","sys","C:/Users/aubryp/Documents/R/R-3.6.1/library","3.3",NA,"3.6.2"
"343","tcltk","C:/Users/aubryp/Documents/R/R-3.6.1/library","3.6.1","base","3.6.1"
"344","tensor","C:/Users/aubryp/Documents/R/R-3.6.1/library","1.5",NA,"3.4.1"
"345","tergm","C:/Users/aubryp/Documents/R/R-3.6.1/library","3.5.2",NA,"3.5.1"
"346","testthat","C:/Users/aubryp/Documents/R/R-3.6.1/library","2.1.1",NA,"3.5.3"
"347","texreg","C:/Users/aubryp/Documents/R/R-3.6.1/library","1.36.23",NA,"3.4.4"
"348","TH.data","C:/Users/aubryp/Documents/R/R-3.6.1/library","1.0-8",NA,"3.4.4"
"349","threejs","C:/Users/aubryp/Documents/R/R-3.6.1/library","0.3.1",NA,"3.4.4"
"350","tibble","C:/Users/aubryp/Documents/R/R-3.6.1/library","2.1.3",NA,"3.6.2"
"351","tidyr","C:/Users/aubryp/Documents/R/R-3.6.1/library","1.0.0",NA,"3.6.2"
"352","tidyselect","C:/Users/aubryp/Documents/R/R-3.6.1/library","0.2.5",NA,"3.6.2"
"353","tidyverse","C:/Users/aubryp/Documents/R/R-3.6.1/library","1.3.0",NA,"3.6.2"
"354","timeDate","C:/Users/aubryp/Documents/R/R-3.6.1/library","3043.102",NA,"3.5.2"
"355","tinytex","C:/Users/aubryp/Documents/R/R-3.6.1/library","0.18",NA,"3.6.2"
"356","tm","C:/Users/aubryp/Documents/R/R-3.6.1/library","0.7-6",NA,"3.5.3"
"357","tnam","C:/Users/aubryp/Documents/R/R-3.6.1/library","1.6.5",NA,"3.4.4"
"358","tools","C:/Users/aubryp/Documents/R/R-3.6.1/library","3.6.1","base","3.6.1"
"359","translations","C:/Users/aubryp/Documents/R/R-3.6.1/library","3.6.1",NA,"3.6.1"
"360","trust","C:/Users/aubryp/Documents/R/R-3.6.1/library","0.1-7",NA,"3.4.1"
"361","ucminf","C:/Users/aubryp/Documents/R/R-3.6.1/library","1.1-4",NA,"3.4.1"
"362","udpipe","C:/Users/aubryp/Documents/R/R-3.6.1/library","0.8.3",NA,"3.5.3"
"363","units","C:/Users/aubryp/Documents/R/R-3.6.1/library","0.6-3",NA,"3.5.3"
"364","usethis","C:/Users/aubryp/Documents/R/R-3.6.1/library","1.5.1",NA,"3.6.2"
"365","utf8","C:/Users/aubryp/Documents/R/R-3.6.1/library","1.1.4",NA,"3.6.2"
"366","utils","C:/Users/aubryp/Documents/R/R-3.6.1/library","3.6.1","base","3.6.1"
"367","vctrs","C:/Users/aubryp/Documents/R/R-3.6.1/library","0.2.1",NA,"3.6.2"
"368","vegan","C:/Users/aubryp/Documents/R/R-3.6.1/library","2.5-2",NA,"3.4.4"
"369","viridis","C:/Users/aubryp/Documents/R/R-3.6.1/library","0.5.1",NA,"3.4.4"
"370","viridisLite","C:/Users/aubryp/Documents/R/R-3.6.1/library","0.3.0",NA,"3.6.2"
"371","webshot","C:/Users/aubryp/Documents/R/R-3.6.1/library","0.5.1",NA,"3.5.3"
"372","whisker","C:/Users/aubryp/Documents/R/R-3.6.1/library","0.4",NA,"3.6.2"
"373","withr","C:/Users/aubryp/Documents/R/R-3.6.1/library","2.1.2",NA,"3.6.2"
"374","wordcloud","C:/Users/aubryp/Documents/R/R-3.6.1/library","2.6",NA,"3.5.3"
"375","wordcloud2","C:/Users/aubryp/Documents/R/R-3.6.1/library","0.2.1",NA,"3.5.1"
"376","xergm","C:/Users/aubryp/Documents/R/R-3.6.1/library","1.8.2",NA,"3.4.4"
"377","xergm.common","C:/Users/aubryp/Documents/R/R-3.6.1/library","1.7.7",NA,"3.4.4"
"378","xfun","C:/Users/aubryp/Documents/R/R-3.6.1/library","0.11",NA,"3.6.2"
"379","XLConnect","C:/Users/aubryp/Documents/R/R-3.6.1/library","0.2-15",NA,"3.4.4"
"380","XLConnectJars","C:/Users/aubryp/Documents/R/R-3.6.1/library","0.2-15",NA,"3.4.4"
"381","xlsx","C:/Users/aubryp/Documents/R/R-3.6.1/library","0.6.1",NA,"3.5.3"
"382","xlsxjars","C:/Users/aubryp/Documents/R/R-3.6.1/library","0.6.1",NA,"3.5.3"
"383","XML","C:/Users/aubryp/Documents/R/R-3.6.1/library","3.98-1.20",NA,"3.5.3"
"384","xml2","C:/Users/aubryp/Documents/R/R-3.6.1/library","1.2.2",NA,"3.6.2"
"385","xopen","C:/Users/aubryp/Documents/R/R-3.6.1/library","1.0.0",NA,"3.5.3"
"386","xtable","C:/Users/aubryp/Documents/R/R-3.6.1/library","1.8-2",NA,"3.4.4"
"387","xts","C:/Users/aubryp/Documents/R/R-3.6.1/library","0.10-2",NA,"3.4.4"
"388","yaml","C:/Users/aubryp/Documents/R/R-3.6.1/library","2.2.0",NA,"3.6.0"
"389","zeallot","C:/Users/aubryp/Documents/R/R-3.6.1/library","0.1.0",NA,"3.6.2"
"390","zip","C:/Users/aubryp/Documents/R/R-3.6.1/library","2.0.2",NA,"3.5.3"
"391","zoo","C:/Users/aubryp/Documents/R/R-3.6.1/library","1.8-1",NA,"3.4.4"
